"source","target"
"安全帽","safety helmet"
"报审","submittal"
"背填料","backfill"
"闭水试验","water-tightness test"
"变更指令","variation instruction"
"不合格品","nonconforming product"
"材料报审","material submittal"
"除臭系统","deodorization system"
"搭接长度","lap length"
"待批准","pending approval"
"刀盘","cutterhead"
"地基承载力","foundation bearing capacity"
"点表","point list"
"吊具","rigging"
"吊装半径","lifting radius"
"顶进推力","jacking thrust"
"独立复核","independent check"
"额定功率","rated power"
"防护等级","ingress-protection rating"
"放样","setting out"
"费用补偿","cost compensation"
"钢筋保护层","reinforcement cover"
"高程","elevation"
"工期","extension of time"
"沟槽支护","trench support"
"管道坡度","pipeline gradient"
"管底高程","invert elevation"
"后背墙","reaction wall"
"换填","replacement"
"回复意见","return comments"
"回填","backfilling"
"会议安排","meeting schedule"
"混凝土强度等级","concrete strength grade"
"基底","formation level"
"级配碎石","graded crushed stone"
"加固方案","strengthening proposal"
"减损","mitigation"
"检查井","manhole"
"检验批","inspection lot"
"见证点","witness point"
"降水","dewatering"
"接口","interface"
"接收井","reception shaft"
"井盖","manhole cover"
"纠正措施","corrective action"
"聚合物砂浆","polymer mortar"
"开挖深度","excavation depth"
"抗压强度","compressive strength"
"控制点","control point"
"控制柜","control panel"
"联调","commissioning"
"联锁停机","interlocked shutdown"
"临时交通标志","temporary traffic signs"
"路基","subgrade"
"内壁","interior"
"扭矩","torque"
"排渣系统","spoil-removal system"
"偏距","offset"
"桥面混凝土浇筑","deck concrete placement"
"桥台","abutment"
"确认收到","confirm receipt"
"扰动土","disturbed soil"
"始发井","launch shaft"
"书面指示","written instruction"
"坍落度","slump"
"提交","submit"
"通知期","notice period"
"土压","earth pressure"
"围挡","hoarding"
"污水管","sewer pipe"
"污水管道","sewer pipeline"
"下部结构","substructure"
"现场条件","site conditions"
"行动清单","action list"
"压差开关","differential-pressure switch"
"液位","level"
"预埋件","embedded item"
"预埋套管","embedded sleeve"
"支座垫石","bearing seat"
"姿态","attitude"
"坐标系","coordinate system"
"abutment","桥台"
"action list","行动清单"
"attitude","姿态"
"backfill","背填料"
"backfilling","回填"
"bearing seat","支座垫石"
"commissioning","联调"
"compressive strength","抗压强度"
"concrete strength grade","混凝土强度等级"
"confirm receipt","确认收到"
"control panel","控制柜"
"control point","控制点"
"coordinate system","坐标系"
"corrective action","纠正措施"
"cost compensation","费用补偿"
"cutterhead","刀盘"
"deck concrete placement","桥面混凝土浇筑"
"deodorization system","除臭系统"
"dewatering","降水"
"differential-pressure switch","压差开关"
"disturbed soil","扰动土"
"earth pressure","土压"
"elevation","高程"
"embedded item","预埋件"
"embedded sleeve","预埋套管"
"excavation depth","开挖深度"
"extension of time","工期"
"formation level","基底"
"foundation bearing capacity","地基承载力"
"graded crushed stone","级配碎石"
"hoarding","围挡"
"independent check","独立复核"
"ingress-protection rating","防护等级"
"inspection lot","检验批"
"interface","接口"
"interior","内壁"
"interlocked shutdown","联锁停机"
"invert elevation","管底高程"
"jacking thrust","顶进推力"
"lap length","搭接长度"
"launch shaft","始发井"
"level","液位"
"lifting radius","吊装半径"
"manhole","检查井"
"manhole cover","井盖"
"material submittal","材料报审"
"meeting schedule","会议安排"
"mitigation","减损"
"nonconforming product","不合格品"
"notice period","通知期"
"offset","偏距"
"pending approval","待批准"
"pipeline gradient","管道坡度"
"point list","点表"
"polymer mortar","聚合物砂浆"
"rated power","额定功率"
"reaction wall","后背墙"
"reception shaft","接收井"
"reinforcement cover","钢筋保护层"
"replacement","换填"
"return comments","回复意见"
"rigging","吊具"
"safety helmet","安全帽"
"setting out","放样"
"sewer pipe","污水管"
"site conditions","现场条件"
"slump","坍落度"
"spoil-removal system","排渣系统"
"strengthening proposal","加固方案"
"subgrade","路基"
"submit","提交"
"submittal","报审"
"substructure","下部结构"
"temporary traffic signs","临时交通标志"
"torque","扭矩"
"trench support","沟槽支护"
"variation instruction","变更指令"
"water-tightness test","闭水试验"
"witness point","见证点"
"written instruction","书面指示"
