source,target
中土集团福州勘察设计研究院有限公司,CCECC FUZHOU SURVEY & DESIGN INSTITUTE CO., LTD.
中国土木工程集团有限公司,China Civil Engineering Construction Corporation (CCECC)
中土集团,CCECC
采购领域,procurement sector
典型案例,typical cases
警示教育,warning education
纪律处分,disciplinary sanction
政务处分,administrative sanction
党内警告,Party warning
开除党籍,expulsion from the Party
开除公职,dismissal from public office
巨额财产来源不明罪,holding a huge amount of property from unidentified sources
受贿罪,crime of accepting bribes
贪污罪,crime of embezzlement
挪用公款罪,crime of misappropriation of public funds
职务侵占罪,crime of occupational embezzlement
非国家工作人员受贿罪,crime of accepting bribes by non-state personnel
配偶亲属,spouse's relatives
采购合同,procurement contract
超计价、超付款,overpricing and overpayment
组织处理,organizational measures
福设院,Fusheyuan
中土经营,Zhongtu Jingying
股份公司,Joint-Stock Company
集团公司,Group Company
经营开发部负责人,Head of Business Development Department
经营开发部,Business Development Department
生产部门负责人,Head of Production Department
相关专业所室,Relevant Specialized Divisions
相关职能部门,Relevant Functional Departments
专业主管总工,Chief Engineer in Charge of the Discipline
协管经营领导,Assisting Leader for Business Operations
分管经营领导,Leader in Charge of Business Operations
主管领导,Leader in Overall Charge
清表,Clearing
